{"v":"4.8.0","meta":{"g":"LottieFiles AE 3.0.2","a":"","k":"","d":"","tc":"#000000"},"fr":60,"ip":0,"op":180,"w":512,"h":512,"nm":"01_Hello","ddd":0,"assets":[{"id":"comp_0","layers":[{"ddd":0,"ind":1,"ty":4,"nm":"Lolo_Eyes Round","parent":3,"sr":1,"ks":{"o":{"a":0,"k":100,"ix":11},"r":{"a":0,"k":-0.7,"ix":10},"p":{"a":0,"k":[47.878,-25.152,0],"ix":2},"a":{"a":0,"k":[61.059,0.188,0],"ix":1},"s":{"a":0,"k":[182.885,167.645,100],"ix":6}},"ao":0,"shapes":[{"ty":"gr","it":[{"ind":0,"ty":"sh","ix":1,"ks":{"a":1,"k":[{"i":{"x":0.99,"y":0.99},"o":{"x":0.167,"y":0},"t":47,"s":[{"i":[[0,-23.099],[23.099,0],[0,23.099],[-23.099,0]],"o":[[0,23.099],[-23.099,0],[0,-23.099],[23.099,0]],"v":[[37.469,0],[-0.221,37.346],[-37.469,0],[-0.221,-36.849]],"c":true}]},{"i":{"x":0.99,"y":0.99},"o":{"x":0.167,"y":0},"t":58,"s":[{"i":[[0,0],[27.098,0],[0,0],[-27.098,0]],"o":[[0,0],[-27.098,0],[0,0],[27.098,0]],"v":[[43.955,11.484],[0.415,-9.52],[-43.955,11.484],[-0.224,-10.097]],"c":true}]},{"i":{"x":0.833,"y":1},"o":{"x":0.167,"y":0},"t":122,"s":[{"i":[[0,0],[27.098,0],[0,0],[-27.098,0]],"o":[[0,0],[-27.098,0],[0,0],[27.098,0]],"v":[[43.955,11.484],[0.415,-9.52],[-43.955,11.484],[-0.224,-10.097]],"c":true}]},{"t":134,"s":[{"i":[[0,-23.099],[23.099,0],[0,23.099],[-23.099,0]],"o":[[0,23.099],[-23.099,0],[0,-23.099],[23.099,0]],"v":[[37.469,0],[-0.221,37.346],[-37.469,0],[-0.221,-36.849]],"c":true}]}],"ix":2},"nm":"Path 1","mn":"ADBE Vector Shape - Group","hd":false},{"ty":"st","c":{"a":0,"k":[0.003921568627,0.258823529412,0.258823529412,1],"ix":3},"o":{"a":0,"k":100,"ix":4},"w":{"a":1,"k":[{"i":{"x":[0.833],"y":[1]},"o":{"x":[0.167],"y":[0]},"t":47,"s":[10]},{"i":{"x":[0.833],"y":[1]},"o":{"x":[0.167],"y":[0]},"t":58,"s":[33]},{"i":{"x":[0.833],"y":[1]},"o":{"x":[0.167],"y":[0]},"t":122,"s":[33]},{"t":134,"s":[10]}],"ix":5},"lc":2,"lj":2,"bm":0,"nm":"Stroke 1","mn":"ADBE Vector Graphic - Stroke","hd":false},{"ty":"fl","c":{"a":0,"k":[0.003921568627,0.258823529412,0.258823529412,1],"ix":4},"o":{"a":0,"k":100,"ix":5},"r":1,"bm":0,"nm":"Fill 1","mn":"ADBE Vector Graphic - Fill","hd":false},{"ty":"tr","p":{"a":0,"k":[121.588,0],"ix":2},"a":{"a":0,"k":[0,0],"ix":1},"s":{"a":0,"k":[28,28],"ix":3},"r":{"a":0,"k":0,"ix":6},"o":{"a":0,"k":100,"ix":7},"sk":{"a":0,"k":0,"ix":4},"sa":{"a":0,"k":0,"ix":5},"nm":"Transform"}],"nm":"Eye3","np":3,"cix":2,"bm":0,"ix":1,"mn":"ADBE Vector Group","hd":false},{"ty":"gr","it":[{"ind":0,"ty":"sh","ix":1,"ks":{"a":1,"k":[{"i":{"x":0.99,"y":0.99},"o":{"x":0.167,"y":0},"t":47,"s":[{"i":[[0,-23.099],[23.099,0],[0,23.099],[-23.099,0]],"o":[[0,23.099],[-23.099,0],[0,-23.099],[23.099,0]],"v":[[37.469,0],[-0.221,37.346],[-37.469,0],[-0.221,-36.849]],"c":true}]},{"i":{"x":0.99,"y":0.99},"o":{"x":0.167,"y":0},"t":58,"s":[{"i":[[0,0],[27.098,0],[0,0],[-27.098,0]],"o":[[0,0],[-27.098,0],[0,0],[27.098,0]],"v":[[43.955,11.484],[0.415,-9.52],[-43.955,11.484],[-0.224,-10.097]],"c":true}]},{"i":{"x":0.833,"y":1},"o":{"x":0.167,"y":0},"t":122,"s":[{"i":[[0,0],[27.098,0],[0,0],[-27.098,0]],"o":[[0,0],[-27.098,0],[0,0],[27.098,0]],"v":[[43.955,11.484],[0.415,-9.52],[-43.955,11.484],[-0.224,-10.097]],"c":true}]},{"t":134,"s":[{"i":[[0,-23.099],[23.099,0],[0,23.099],[-23.099,0]],"o":[[0,23.099],[-23.099,0],[0,-23.099],[23.099,0]],"v":[[37.469,0],[-0.221,37.346],[-37.469,0],[-0.221,-36.849]],"c":true}]}],"ix":2},"nm":"Path 1","mn":"ADBE Vector Shape - Group","hd":false},{"ty":"st","c":{"a":0,"k":[0.003921568627,0.258823529412,0.258823529412,1],"ix":3},"o":{"a":0,"k":100,"ix":4},"w":{"a":1,"k":[{"i":{"x":[0.833],"y":[1]},"o":{"x":[0.167],"y":[0]},"t":47,"s":[10]},{"i":{"x":[0.833],"y":[1]},"o":{"x":[0.167],"y":[0]},"t":58,"s":[33]},{"i":{"x":[0.833],"y":[1]},"o":{"x":[0.167],"y":[0]},"t":122,"s":[33]},{"t":134,"s":[10]}],"ix":5},"lc":2,"lj":2,"bm":0,"nm":"Stroke 1","mn":"ADBE Vector Graphic - Stroke","hd":false},{"ty":"fl","c":{"a":0,"k":[0.003921568627,0.258823529412,0.258823529412,1],"ix":4},"o":{"a":0,"k":100,"ix":5},"r":1,"bm":0,"nm":"Fill 1","mn":"ADBE Vector Graphic - Fill","hd":false},{"ty":"tr","p":{"a":0,"k":[0,0],"ix":2},"a":{"a":0,"k":[0,0],"ix":1},"s":{"a":0,"k":[28,28],"ix":3},"r":{"a":0,"k":0,"ix":6},"o":{"a":0,"k":100,"ix":7},"sk":{"a":0,"k":0,"ix":4},"sa":{"a":0,"k":0,"ix":5},"nm":"Transform"}],"nm":"Eye1","np":3,"cix":2,"bm":0,"ix":2,"mn":"ADBE Vector Group","hd":false}],"ip":0,"op":306,"st":26,"bm":0},{"ddd":0,"ind":2,"ty":4,"nm":"Mouth","parent":3,"sr":1,"ks":{"o":{"a":0,"k":100,"ix":11},"r":{"a":0,"k":0.9,"ix":10},"p":{"a":0,"k":[52.741,33.811,0],"ix":2},"a":{"a":0,"k":[2.5,-22.052,0],"ix":1},"s":{"a":0,"k":[181.818,181.818,100],"ix":6}},"ao":0,"shapes":[{"ty":"gr","it":[{"ind":0,"ty":"sh","ix":1,"ks":{"a":1,"k":[{"i":{"x":0.833,"y":1},"o":{"x":0.167,"y":0},"t":44,"s":[{"i":[[-23,-15],[-19.5,13.5]],"o":[[23,15],[18.205,-12.603]],"v":[[-34.5,-26],[39.5,-27]],"c":false}]},{"i":{"x":0.833,"y":1},"o":{"x":0.167,"y":0},"t":60,"s":[{"i":[[-15.984,-22.328],[-18.111,22.262]],"o":[[16.73,23.37],[13.973,-17.176]],"v":[[-34.5,-26],[39.5,-27]],"c":false}]},{"i":{"x":0.833,"y":1},"o":{"x":0.167,"y":0},"t":122,"s":[{"i":[[-15.984,-22.328],[-18.111,22.262]],"o":[[16.73,23.37],[13.973,-17.176]],"v":[[-34.5,-26],[39.5,-27]],"c":false}]},{"t":138,"s":[{"i":[[-23,-15],[-19.5,13.5]],"o":[[23,15],[18.205,-12.603]],"v":[[-34.5,-26],[39.5,-27]],"c":false}]}],"ix":2},"nm":"Path 1","mn":"ADBE Vector Shape - Group","hd":false},{"ty":"st","c":{"a":0,"k":[0.003921568627,0.258823529412,0.258823529412,1],"ix":3},"o":{"a":0,"k":100,"ix":4},"w":{"a":0,"k":15,"ix":5},"lc":2,"lj":2,"bm":0,"nm":"Stroke 1","mn":"ADBE Vector Graphic - Stroke","hd":false},{"ty":"tr","p":{"a":0,"k":[0,0],"ix":2},"a":{"a":0,"k":[0,0],"ix":1},"s":{"a":0,"k":[100,100],"ix":3},"r":{"a":0,"k":0,"ix":6},"o":{"a":0,"k":100,"ix":7},"sk":{"a":0,"k":0,"ix":4},"sa":{"a":0,"k":0,"ix":5},"nm":"Transform"}],"nm":"Shape 1","np":3,"cix":2,"bm":0,"ix":1,"mn":"ADBE Vector Group","hd":false}],"ip":0,"op":300,"st":0,"bm":0},{"ddd":0,"ind":3,"ty":3,"nm":"facer","parent":11,"sr":1,"ks":{"o":{"a":0,"k":0,"ix":11},"r":{"a":1,"k":[{"i":{"x":[0.667],"y":[1]},"o":{"x":[0.333],"y":[0]},"t":0,"s":[-5]},{"i":{"x":[0.833],"y":[1]},"o":{"x":[0.159],"y":[0]},"t":16,"s":[-1.5]},{"i":{"x":[0.667],"y":[1]},"o":{"x":[0.333],"y":[0]},"t":154,"s":[-1.5]},{"t":180,"s":[-5]}],"ix":10},"p":{"a":1,"k":[{"i":{"x":0.243,"y":1},"o":{"x":0.333,"y":0},"t":0,"s":[-5.019,-32.717,0],"to":[0,0,0],"ti":[0,0,0]},{"i":{"x":0.667,"y":1},"o":{"x":0.167,"y":0},"t":40,"s":[-2.019,-14.917,0],"to":[0,0,0],"ti":[0,0,0]},{"i":{"x":0.833,"y":1},"o":{"x":0.179,"y":0},"t":62,"s":[5.423,-23.365,0],"to":[0,0,0],"ti":[0,0,0]},{"i":{"x":0.833,"y":1},"o":{"x":0.333,"y":0},"t":132,"s":[5.423,-23.365,0],"to":[0,0,0],"ti":[0,0,0]},{"i":{"x":0.667,"y":1},"o":{"x":0.333,"y":0},"t":154,"s":[-2.019,-14.917,0],"to":[0,0,0],"ti":[0,0,0]},{"t":180,"s":[-5.019,-32.717,0]}],"ix":2},"a":{"a":0,"k":[50,50,0],"ix":1},"s":{"a":0,"k":[55,55,100],"ix":6}},"ao":0,"ip":0,"op":300,"st":0,"bm":0},{"ddd":0,"ind":5,"ty":4,"nm":"hand_left 2","parent":11,"sr":1,"ks":{"o":{"a":0,"k":100,"ix":11},"r":{"a":0,"k":0,"ix":10},"p":{"a":1,"k":[{"i":{"x":0.163,"y":1},"o":{"x":0.333,"y":0},"t":0,"s":[-101.019,-5.092,0],"to":[0,0,0],"ti":[0,0,0]},{"i":{"x":0.833,"y":0.833},"o":{"x":0.167,"y":0.167},"t":20,"s":[-97.019,3.908,0],"to":[0,0,0],"ti":[0,0,0]},{"i":{"x":0.163,"y":1},"o":{"x":0.167,"y":0.097},"t":30,"s":[-97.019,3.908,0],"to":[0,0,0],"ti":[0,0,0]},{"i":{"x":0.163,"y":0.163},"o":{"x":0.188,"y":0.188},"t":44,"s":[-99.019,9.485,0],"to":[0,0,0],"ti":[0,0,0]},{"i":{"x":0.833,"y":0.903},"o":{"x":0.188,"y":0},"t":148,"s":[-99.019,9.485,0],"to":[0,0,0],"ti":[0,0,0]},{"i":{"x":0.833,"y":0.833},"o":{"x":0.167,"y":0.167},"t":162,"s":[-97.019,3.908,0],"to":[0,0,0],"ti":[0,0,0]},{"t":172,"s":[-97.019,3.908,0]}],"ix":2},"a":{"a":0,"k":[-91,9.625,0],"ix":1},"s":{"a":0,"k":[100,100,100],"ix":6}},"ao":0,"shapes":[{"ty":"gr","it":[{"ind":0,"ty":"sh","ix":1,"ks":{"a":1,"k":[{"i":{"x":0.33,"y":1},"o":{"x":0.167,"y":0},"t":0,"s":[{"i":[[57.25,0],[39.25,0]],"o":[[-35,0],[-39.25,0]],"v":[[-91,8.5],[-178,92.75]],"c":false}]},{"i":{"x":0.833,"y":0.833},"o":{"x":0.167,"y":0},"t":20,"s":[{"i":[[56.471,-9.412],[22,-21.75]],"o":[[-33,5.5],[-27.912,27.595]],"v":[[-91,8.5],[-162,99.75]],"c":false}]},{"i":{"x":0.833,"y":1},"o":{"x":0.167,"y":0.167},"t":30,"s":[{"i":[[56.471,-9.412],[22,-21.75]],"o":[[-33,5.5],[-27.912,27.595]],"v":[[-91,8.5],[-158,99.75]],"c":false}]},{"i":{"x":0.833,"y":1},"o":{"x":0.167,"y":0},"t":44,"s":[{"i":[[43.752,-36.923],[-10.922,-26.761]],"o":[[-28.153,23.758],[14.832,36.34]],"v":[[-91,8.5],[-100.538,112.865]],"c":false}]},{"i":{"x":0.833,"y":1},"o":{"x":0.167,"y":0},"t":66,"s":[{"i":[[56.471,-9.412],[34.591,-20.558]],"o":[[-33,5.5],[-33.741,20.053]],"v":[[-91,8.5],[-156.582,92.849]],"c":false}]},{"i":{"x":0.833,"y":1},"o":{"x":0.167,"y":0},"t":124,"s":[{"i":[[56.471,-9.412],[34.591,-20.558]],"o":[[-33,5.5],[-33.741,20.053]],"v":[[-91,8.5],[-156.582,92.849]],"c":false}]},{"i":{"x":0.833,"y":0.833},"o":{"x":0.167,"y":0},"t":148,"s":[{"i":[[43.752,-36.923],[25.616,-21.953]],"o":[[-28.153,23.758],[-29.803,25.541]],"v":[[-91,8.5],[-134.192,101.327]],"c":false}]},{"i":{"x":0.833,"y":1},"o":{"x":0.167,"y":0.167},"t":162,"s":[{"i":[[56.471,-9.412],[22,-21.75]],"o":[[-33,5.5],[-27.912,27.595]],"v":[[-91,8.5],[-158,99.75]],"c":false}]},{"t":172,"s":[{"i":[[56.471,-9.412],[22,-21.75]],"o":[[-33,5.5],[-27.912,27.595]],"v":[[-91,8.5],[-162,99.75]],"c":false}]}],"ix":2},"nm":"Path 1","mn":"ADBE Vector Shape - Group","hd":false},{"ty":"st","c":{"a":0,"k":[0.003921568627,0.258823529412,0.258823529412,1],"ix":3},"o":{"a":0,"k":100,"ix":4},"w":{"a":0,"k":23,"ix":5},"lc":2,"lj":2,"bm":0,"nm":"Stroke 1","mn":"ADBE Vector Graphic - Stroke","hd":false},{"ty":"tr","p":{"a":0,"k":[0,0],"ix":2},"a":{"a":0,"k":[0,0],"ix":1},"s":{"a":0,"k":[100,100],"ix":3},"r":{"a":0,"k":0,"ix":6},"o":{"a":0,"k":100,"ix":7},"sk":{"a":0,"k":0,"ix":4},"sa":{"a":0,"k":0,"ix":5},"nm":"Transform"}],"nm":"Shape 1","np":3,"cix":2,"bm":0,"ix":1,"mn":"ADBE Vector Group","hd":false}],"ip":44,"op":148,"st":0,"bm":0},{"ddd":0,"ind":6,"ty":4,"nm":"hand_left 4","sr":1,"ks":{"o":{"a":0,"k":100,"ix":11},"r":{"a":0,"k":0,"ix":10},"p":{"a":1,"k":[{"i":{"x":0.163,"y":1},"o":{"x":0.333,"y":0},"t":0,"s":[141.199,250.301,0],"to":[0,0,0],"ti":[0,0,0]},{"i":{"x":0.833,"y":0.833},"o":{"x":0.167,"y":0.167},"t":20,"s":[145.359,259.661,0],"to":[0,0,0],"ti":[0,0,0]},{"i":{"x":0.163,"y":1},"o":{"x":0.167,"y":0.097},"t":30,"s":[145.359,259.661,0],"to":[0,0,0],"ti":[0,0,0]},{"i":{"x":0.833,"y":1},"o":{"x":0.188,"y":0},"t":44,"s":[143.279,254.461,0],"to":[0,0,0],"ti":[0,0,0]},{"i":{"x":0.667,"y":1},"o":{"x":0.837,"y":0},"t":148,"s":[142.529,257.211,0],"to":[0,0,0],"ti":[0,0,0]},{"t":180,"s":[141.199,250.301,0]}],"ix":2},"a":{"a":0,"k":[-91,9.625,0],"ix":1},"s":{"a":0,"k":[104,104,100],"ix":6}},"ao":0,"shapes":[{"ty":"gr","it":[{"ind":0,"ty":"sh","ix":1,"ks":{"a":1,"k":[{"i":{"x":0.33,"y":1},"o":{"x":0.167,"y":0},"t":0,"s":[{"i":[[57.25,0],[39.25,0]],"o":[[-35,0],[-39.25,0]],"v":[[-91,8.5],[-178,92.75]],"c":false}]},{"i":{"x":0.833,"y":0.833},"o":{"x":0.167,"y":0},"t":20,"s":[{"i":[[56.471,-9.412],[22,-21.75]],"o":[[-33,5.5],[-27.912,27.595]],"v":[[-91,8.5],[-162,99.75]],"c":false}]},{"i":{"x":0.833,"y":1},"o":{"x":0.167,"y":0.167},"t":30,"s":[{"i":[[56.471,-9.412],[22,-21.75]],"o":[[-33,5.5],[-27.912,27.595]],"v":[[-91,8.5],[-158,99.75]],"c":false}]},{"i":{"x":0.833,"y":1},"o":{"x":0.167,"y":0},"t":44,"s":[{"i":[[43.752,-36.923],[-10.922,-26.761]],"o":[[-28.153,23.758],[14.832,36.34]],"v":[[-91,8.5],[-100.538,112.865]],"c":false}]},{"i":{"x":0.833,"y":1},"o":{"x":0.167,"y":0},"t":66,"s":[{"i":[[56.471,-9.412],[34.591,-20.558]],"o":[[-33,5.5],[-33.741,20.053]],"v":[[-91,8.5],[-156.582,92.849]],"c":false}]},{"i":{"x":0.833,"y":1},"o":{"x":0.167,"y":0},"t":124,"s":[{"i":[[56.471,-9.412],[34.591,-20.558]],"o":[[-33,5.5],[-33.741,20.053]],"v":[[-91,8.5],[-156.582,92.849]],"c":false}]},{"i":{"x":0.274,"y":1},"o":{"x":0.167,"y":0},"t":148,"s":[{"i":[[43.752,-36.923],[25.616,-21.953]],"o":[[-28.153,23.758],[-29.803,25.541]],"v":[[-91,8.5],[-134.192,101.327]],"c":false}]},{"t":180,"s":[{"i":[[57.25,0],[39.25,0]],"o":[[-35,0],[-39.25,0]],"v":[[-91,8.5],[-178,92.75]],"c":false}]}],"ix":2},"nm":"Path 1","mn":"ADBE Vector Shape - Group","hd":false},{"ty":"st","c":{"a":0,"k":[0.003921568627,0.258823529412,0.258823529412,1],"ix":3},"o":{"a":0,"k":100,"ix":4},"w":{"a":0,"k":23,"ix":5},"lc":2,"lj":2,"bm":0,"nm":"Stroke 1","mn":"ADBE Vector Graphic - Stroke","hd":false},{"ty":"tr","p":{"a":0,"k":[0,0],"ix":2},"a":{"a":0,"k":[0,0],"ix":1},"s":{"a":0,"k":[100,100],"ix":3},"r":{"a":0,"k":0,"ix":6},"o":{"a":0,"k":100,"ix":7},"sk":{"a":0,"k":0,"ix":4},"sa":{"a":0,"k":0,"ix":5},"nm":"Transform"}],"nm":"Shape 1","np":3,"cix":2,"bm":0,"ix":1,"mn":"ADBE Vector Group","hd":false}],"ip":148,"op":310,"st":0,"bm":0},{"ddd":0,"ind":7,"ty":4,"nm":"hand_left","sr":1,"ks":{"o":{"a":0,"k":100,"ix":11},"r":{"a":0,"k":0,"ix":10},"p":{"a":1,"k":[{"i":{"x":0.163,"y":1},"o":{"x":0.333,"y":0},"t":0,"s":[141.199,250.301,0],"to":[0,0,0],"ti":[0,0,0]},{"i":{"x":0.833,"y":1},"o":{"x":0.188,"y":0},"t":44,"s":[143.279,265.461,0],"to":[0,0,0],"ti":[0,0,0]},{"i":{"x":0.833,"y":0.646},"o":{"x":0.837,"y":0},"t":148,"s":[143.279,254.461,0],"to":[0,0,0],"ti":[0,0,0]},{"i":{"x":0.667,"y":1},"o":{"x":0.167,"y":0.064},"t":172,"s":[145.359,259.661,0],"to":[0,0,0],"ti":[0,0,0]},{"t":180,"s":[141.199,250.301,0]}],"ix":2},"a":{"a":0,"k":[-91,9.625,0],"ix":1},"s":{"a":0,"k":[104,104,100],"ix":6}},"ao":0,"shapes":[{"ty":"gr","it":[{"ind":0,"ty":"sh","ix":1,"ks":{"a":1,"k":[{"i":{"x":0.833,"y":1},"o":{"x":0.878,"y":0},"t":0,"s":[{"i":[[57.25,0],[39.25,0]],"o":[[-35,0],[-39.25,0]],"v":[[-91,8.5],[-178,92.75]],"c":false}]},{"i":{"x":0.833,"y":1},"o":{"x":0.167,"y":0},"t":44,"s":[{"i":[[43.752,-36.923],[-10.922,-26.761]],"o":[[-28.153,23.758],[14.832,36.34]],"v":[[-91,8.5],[-100.538,112.865]],"c":false}]},{"i":{"x":0.833,"y":1},"o":{"x":0.167,"y":0},"t":66,"s":[{"i":[[56.471,-9.412],[34.591,-20.558]],"o":[[-33,5.5],[-33.741,20.053]],"v":[[-91,8.5],[-156.582,92.849]],"c":false}]},{"i":{"x":0.833,"y":1},"o":{"x":0.167,"y":0},"t":124,"s":[{"i":[[56.471,-9.412],[34.591,-20.558]],"o":[[-33,5.5],[-33.741,20.053]],"v":[[-91,8.5],[-156.582,92.849]],"c":false}]},{"i":{"x":0.833,"y":1},"o":{"x":0.167,"y":0},"t":148,"s":[{"i":[[43.752,-36.923],[-10.922,-26.761]],"o":[[-28.153,23.758],[14.832,36.34]],"v":[[-91,8.5],[-100.538,112.865]],"c":false}]},{"i":{"x":0.833,"y":1},"o":{"x":0.769,"y":0},"t":172,"s":[{"i":[[56.471,-9.412],[22,-21.75]],"o":[[-33,5.5],[-27.912,27.595]],"v":[[-91,8.5],[-158,99.75]],"c":false}]},{"t":180,"s":[{"i":[[57.25,0],[39.25,0]],"o":[[-35,0],[-39.25,0]],"v":[[-91,8.5],[-178,92.75]],"c":false}]}],"ix":2},"nm":"Path 1","mn":"ADBE Vector Shape - Group","hd":false},{"ty":"st","c":{"a":0,"k":[0.003921568627,0.258823529412,0.258823529412,1],"ix":3},"o":{"a":0,"k":100,"ix":4},"w":{"a":0,"k":23,"ix":5},"lc":2,"lj":2,"bm":0,"nm":"Stroke 1","mn":"ADBE Vector Graphic - Stroke","hd":false},{"ty":"tr","p":{"a":0,"k":[0,0],"ix":2},"a":{"a":0,"k":[0,0],"ix":1},"s":{"a":0,"k":[100,100],"ix":3},"r":{"a":0,"k":0,"ix":6},"o":{"a":0,"k":100,"ix":7},"sk":{"a":0,"k":0,"ix":4},"sa":{"a":0,"k":0,"ix":5},"nm":"Transform"}],"nm":"Shape 1","np":3,"cix":2,"bm":0,"ix":1,"mn":"ADBE Vector Group","hd":false}],"ip":-6,"op":44,"st":0,"bm":0},{"ddd":0,"ind":8,"ty":4,"nm":"Msker3","td":1,"sr":1,"ks":{"o":{"a":0,"k":100,"ix":11},"r":{"a":0,"k":0,"ix":10},"p":{"a":0,"k":[256,256,0],"ix":2},"a":{"a":0,"k":[0,0,0],"ix":1},"s":{"a":1,"k":[{"i":{"x":[0,0,0.667],"y":[1,1,1]},"o":{"x":[0.077,0.077,0.333],"y":[0,0,0]},"t":34,"s":[0,0,100]},{"i":{"x":[0.833,0.833,0.833],"y":[1,1,1]},"o":{"x":[0.157,0.157,0.157],"y":[0,0,0]},"t":54,"s":[100,100,100]},{"i":{"x":[0.923,0.923,0.667],"y":[1,1,1]},"o":{"x":[1,1,0.333],"y":[0,0,0]},"t":138,"s":[100,100,100]},{"t":158,"s":[0,0,100]}],"ix":6}},"ao":0,"shapes":[{"ty":"gr","it":[{"d":1,"ty":"el","s":{"a":0,"k":[390,390],"ix":2},"p":{"a":0,"k":[0,0],"ix":3},"nm":"Ellipse Path 1","mn":"ADBE Vector Shape - Ellipse","hd":false},{"ty":"fl","c":{"a":0,"k":[0.88527879902,0.124058383119,0.855823591644,1],"ix":4},"o":{"a":0,"k":100,"ix":5},"r":1,"bm":0,"nm":"Fill 1","mn":"ADBE Vector Graphic - Fill","hd":false},{"ty":"tr","p":{"a":0,"k":[0,0],"ix":2},"a":{"a":0,"k":[0,0],"ix":1},"s":{"a":0,"k":[100,100],"ix":3},"r":{"a":0,"k":0,"ix":6},"o":{"a":0,"k":100,"ix":7},"sk":{"a":0,"k":0,"ix":4},"sa":{"a":0,"k":0,"ix":5},"nm":"Transform"}],"nm":"Ellipse 419","np":2,"cix":2,"bm":0,"ix":1,"mn":"ADBE Vector Group","hd":false}],"ip":44,"op":148,"st":0,"bm":0},{"ddd":0,"ind":9,"ty":4,"nm":"Round Body 2","parent":10,"tt":1,"sr":1,"ks":{"o":{"a":0,"k":100,"ix":11},"r":{"a":0,"k":0,"ix":10},"p":{"a":0,"k":[-1.198,3.098,0],"ix":2},"a":{"a":0,"k":[0,0,0],"ix":1},"s":{"a":0,"k":[74.977,74.977,100],"ix":6}},"ao":0,"shapes":[{"ty":"gr","it":[{"ind":0,"ty":"sh","ix":1,"ks":{"a":1,"k":[{"i":{"x":0.833,"y":1},"o":{"x":0.333,"y":0},"t":0,"s":[{"i":[[48.967,-4.331],[28.251,-2.498],[0,0],[-4.331,-48.967],[0,-26.331],[0,0],[-53.657,3.75],[-29.686,0],[0,0],[-0.758,47.873],[3.089,43.089],[0,0]],"o":[[0,0],[-30.234,2.674],[-48.967,4.331],[0,0],[0,29.543],[0,49.158],[0,0],[29.028,0],[49.776,3.75],[0,0],[-3.389,-47.278],[-6.556,-49.589]],"v":[[66.494,-218.237],[-22.105,-208.818],[-108.962,-202.719],[-189.783,-106.216],[-176.437,5.441],[-177.079,83.81],[-88.07,172.819],[0.346,169.613],[88.07,172.819],[177.72,81.246],[175.155,-22.338],[162.998,-137.416]],"c":true}]},{"i":{"x":0.833,"y":1},"o":{"x":0.167,"y":0},"t":40,"s":[{"i":[[51.718,-4.546],[28.334,-1.235],[0,0],[-2.141,-49.111],[0,-26.331],[0,0],[-53.657,3.75],[-29.686,0],[0,0],[4.371,47.231],[0.814,43.192],[0,0]],"o":[[0,0],[-30.324,1.322],[-50.6,-3.239],[0,0],[0,29.543],[0,49.158],[0,0],[29.028,0],[38.876,9.521],[0,0],[-0.758,-40.27],[1.239,-47.273]],"v":[[82.923,-188.872],[-6.009,-183.417],[-93.051,-181.202],[-178.099,-88.402],[-173.873,6.723],[-177.079,83.81],[-88.07,172.819],[0.346,169.613],[88.07,172.819],[177.72,91.505],[171.308,-3.101],[173.158,-103.823]],"c":true}]},{"i":{"x":0.833,"y":1},"o":{"x":0.167,"y":0},"t":60,"s":[{"i":[[51.718,-4.546],[28.334,-1.235],[0,0],[-2.141,-49.111],[0,-26.331],[0,0],[-53.657,3.75],[-29.686,0],[0,0],[4.371,47.231],[0.814,43.192],[0,0]],"o":[[0,0],[-30.324,1.322],[-50.6,-3.239],[0,0],[0,29.543],[0,49.158],[0,0],[29.028,0],[38.876,9.521],[0,0],[-0.758,-40.27],[1.239,-47.273]],"v":[[82.923,-188.872],[1.813,-183.638],[-81.957,-181.986],[-167.193,-90.277],[-162.966,4.849],[-166.173,81.936],[-77.164,170.944],[0.346,169.613],[88.07,172.819],[177.72,91.505],[172.432,3.442],[174.282,-97.28]],"c":true}]},{"i":{"x":0.833,"y":1},"o":{"x":0.167,"y":0},"t":132,"s":[{"i":[[51.718,-4.546],[28.334,-1.235],[0,0],[-2.141,-49.111],[0,-26.331],[0,0],[-53.657,3.75],[-29.686,0],[0,0],[4.371,47.231],[0.814,43.192],[0,0]],"o":[[0,0],[-30.324,1.322],[-50.6,-3.239],[0,0],[0,29.543],[0,49.158],[0,0],[29.028,0],[38.876,9.521],[0,0],[-0.758,-40.27],[1.239,-47.273]],"v":[[82.923,-188.872],[1.813,-183.638],[-81.957,-181.986],[-167.193,-90.277],[-162.966,4.849],[-166.173,81.936],[-77.164,170.944],[0.346,169.613],[88.07,172.819],[177.72,91.505],[172.432,3.442],[174.282,-97.28]],"c":true}]},{"i":{"x":0.667,"y":1},"o":{"x":0.167,"y":0},"t":152,"s":[{"i":[[51.718,-4.546],[28.334,-1.235],[0,0],[-2.141,-49.111],[0,-26.331],[0,0],[-53.657,3.75],[-29.686,0],[0,0],[4.371,47.231],[0.814,43.192],[0,0]],"o":[[0,0],[-30.324,1.322],[-50.6,-3.239],[0,0],[0,29.543],[0,49.158],[0,0],[29.028,0],[38.876,9.521],[0,0],[-0.758,-40.27],[1.239,-47.273]],"v":[[82.923,-188.872],[-6.009,-183.417],[-93.051,-181.202],[-178.099,-88.402],[-173.873,6.723],[-177.079,83.81],[-88.07,172.819],[0.346,169.613],[88.07,172.819],[177.72,91.505],[171.308,-3.101],[173.158,-103.823]],"c":true}]},{"t":192,"s":[{"i":[[48.967,-4.331],[28.251,-2.498],[0,0],[-4.331,-48.967],[0,-26.331],[0,0],[-53.657,3.75],[-29.686,0],[0,0],[-0.758,47.873],[3.089,43.089],[0,0]],"o":[[0,0],[-30.234,2.674],[-48.967,4.331],[0,0],[0,29.543],[0,49.158],[0,0],[29.028,0],[49.776,3.75],[0,0],[-3.389,-47.278],[-6.556,-49.589]],"v":[[66.494,-218.237],[-22.105,-208.818],[-108.962,-202.719],[-189.783,-106.216],[-176.437,5.441],[-177.079,83.81],[-88.07,172.819],[0.346,169.613],[88.07,172.819],[177.72,81.246],[175.155,-22.338],[162.998,-137.416]],"c":true}]}],"ix":2},"nm":"Path 1","mn":"ADBE Vector Shape - Group","hd":false},{"ty":"st","c":{"a":0,"k":[0.003921568859,0.258823543787,0.258823543787,1],"ix":3},"o":{"a":0,"k":100,"ix":4},"w":{"a":0,"k":6.213,"ix":5},"lc":1,"lj":1,"ml":4,"bm":0,"nm":"Stroke 1","mn":"ADBE Vector Graphic - Stroke","hd":false},{"ty":"fl","c":{"a":0,"k":[0,0.866666674614,0.701960802078,1],"ix":4},"o":{"a":0,"k":100,"ix":5},"r":1,"bm":0,"nm":"Fill 1","mn":"ADBE Vector Graphic - Fill","hd":false},{"ty":"tr","p":{"a":0,"k":[0,0],"ix":2},"a":{"a":0,"k":[0,0],"ix":1},"s":{"a":0,"k":[100,100],"ix":3},"r":{"a":0,"k":0,"ix":6},"o":{"a":0,"k":100,"ix":7},"sk":{"a":0,"k":0,"ix":4},"sa":{"a":0,"k":0,"ix":5},"nm":"Transform"}],"nm":"Body903","np":3,"cix":2,"bm":0,"ix":1,"mn":"ADBE Vector Group","hd":false}],"ip":40,"op":148,"st":0,"bm":0},{"ddd":0,"ind":10,"ty":3,"nm":"Body 7","sr":1,"ks":{"o":{"a":0,"k":100,"ix":11},"r":{"a":1,"k":[{"i":{"x":[0],"y":[1]},"o":{"x":[0.077],"y":[0]},"t":-104,"s":[0]},{"i":{"x":[0.833],"y":[1]},"o":{"x":[0.161],"y":[0]},"t":-74,"s":[10.8]},{"i":{"x":[0.923],"y":[1]},"o":{"x":[1],"y":[0]},"t":-30,"s":[10.8]},{"i":{"x":[0.833],"y":[1]},"o":{"x":[0.167],"y":[0]},"t":0,"s":[0]},{"i":{"x":[0],"y":[1]},"o":{"x":[0.077],"y":[0]},"t":44,"s":[0]},{"i":{"x":[0.833],"y":[1]},"o":{"x":[0.161],"y":[0]},"t":74,"s":[10.8]},{"i":{"x":[0.923],"y":[1]},"o":{"x":[1],"y":[0]},"t":118,"s":[10.8]},{"t":148,"s":[0]}],"ix":10},"p":{"a":1,"k":[{"i":{"x":0,"y":1},"o":{"x":0.077,"y":0},"t":-104,"s":[136.019,388.717,0],"to":[0,0,0],"ti":[0,0,0]},{"i":{"x":0.833,"y":1},"o":{"x":0.234,"y":0},"t":-74,"s":[90.019,447.717,0],"to":[0,0,0],"ti":[0,0,0]},{"i":{"x":0.923,"y":1},"o":{"x":1,"y":0},"t":-30,"s":[90.019,447.717,0],"to":[0,0,0],"ti":[0,0,0]},{"i":{"x":0.833,"y":1},"o":{"x":0.167,"y":0},"t":0,"s":[136.019,388.717,0],"to":[0,0,0],"ti":[0,0,0]},{"i":{"x":0,"y":1},"o":{"x":0.077,"y":0},"t":44,"s":[136.019,388.717,0],"to":[0,0,0],"ti":[0,0,0]},{"i":{"x":0.833,"y":1},"o":{"x":0.234,"y":0},"t":74,"s":[90.019,447.717,0],"to":[0,0,0],"ti":[0,0,0]},{"i":{"x":0.923,"y":1},"o":{"x":1,"y":0},"t":118,"s":[90.019,447.717,0],"to":[0,0,0],"ti":[0,0,0]},{"t":148,"s":[136.019,388.717,0]}],"ix":2},"a":{"a":0,"k":[-106,128,0],"ix":1},"s":{"a":1,"k":[{"i":{"x":[0,0,0.667],"y":[1,1,1]},"o":{"x":[0.077,0.077,0.333],"y":[0,0,0]},"t":-104,"s":[104,104,100]},{"i":{"x":[0.833,0.833,0.833],"y":[1,1,1]},"o":{"x":[0.161,0.161,0.161],"y":[0,0,0]},"t":-74,"s":[122.3,122.3,100]},{"i":{"x":[0.923,0.923,0.667],"y":[1,1,1]},"o":{"x":[1,1,0.333],"y":[0,0,0]},"t":-30,"s":[122.3,122.3,100]},{"i":{"x":[0.833,0.833,0.833],"y":[1,1,1]},"o":{"x":[0.167,0.167,0.167],"y":[0,0,0]},"t":0,"s":[104,104,100]},{"i":{"x":[0,0,0.667],"y":[1,1,1]},"o":{"x":[0.077,0.077,0.333],"y":[0,0,0]},"t":44,"s":[104,104,100]},{"i":{"x":[0.833,0.833,0.833],"y":[1,1,1]},"o":{"x":[0.161,0.161,0.161],"y":[0,0,0]},"t":74,"s":[122.3,122.3,100]},{"i":{"x":[0.923,0.923,0.667],"y":[1,1,1]},"o":{"x":[1,1,0.333],"y":[0,0,0]},"t":118,"s":[122.3,122.3,100]},{"t":148,"s":[104,104,100]}],"ix":6}},"ao":0,"ip":44,"op":148,"st":-148,"bm":0},{"ddd":0,"ind":11,"ty":3,"nm":"Body 2","sr":1,"ks":{"o":{"a":0,"k":100,"ix":11},"r":{"a":1,"k":[{"i":{"x":[0],"y":[1]},"o":{"x":[0.077],"y":[0]},"t":44,"s":[0]},{"i":{"x":[0.833],"y":[1]},"o":{"x":[0.161],"y":[0]},"t":74,"s":[10.8]},{"i":{"x":[0.923],"y":[1]},"o":{"x":[1],"y":[0]},"t":118,"s":[10.8]},{"t":148,"s":[0]}],"ix":10},"p":{"a":1,"k":[{"i":{"x":0,"y":1},"o":{"x":0.077,"y":0},"t":44,"s":[136.019,388.717,0],"to":[0,0,0],"ti":[0,0,0]},{"i":{"x":0.833,"y":1},"o":{"x":0.234,"y":0},"t":74,"s":[90.019,447.717,0],"to":[0,0,0],"ti":[0,0,0]},{"i":{"x":0.923,"y":1},"o":{"x":1,"y":0},"t":118,"s":[90.019,447.717,0],"to":[0,0,0],"ti":[0,0,0]},{"t":148,"s":[136.019,388.717,0]}],"ix":2},"a":{"a":0,"k":[-106,128,0],"ix":1},"s":{"a":1,"k":[{"i":{"x":[0,0,0.667],"y":[1,1,1]},"o":{"x":[0.077,0.077,0.333],"y":[0,0,0]},"t":44,"s":[104,104,100]},{"i":{"x":[0.833,0.833,0.833],"y":[1,1,1]},"o":{"x":[0.161,0.161,0.161],"y":[0,0,0]},"t":74,"s":[122.3,122.3,100]},{"i":{"x":[0.923,0.923,0.667],"y":[1,1,1]},"o":{"x":[1,1,0.333],"y":[0,0,0]},"t":118,"s":[122.3,122.3,100]},{"t":148,"s":[104,104,100]}],"ix":6}},"ao":0,"ip":44,"op":148,"st":0,"bm":0},{"ddd":0,"ind":12,"ty":4,"nm":"Round Body 3","parent":10,"sr":1,"ks":{"o":{"a":0,"k":100,"ix":11},"r":{"a":0,"k":0,"ix":10},"p":{"a":0,"k":[-1.198,3.098,0],"ix":2},"a":{"a":0,"k":[0,0,0],"ix":1},"s":{"a":0,"k":[74.977,74.977,100],"ix":6}},"ao":0,"shapes":[{"ty":"gr","it":[{"ind":0,"ty":"sh","ix":1,"ks":{"a":1,"k":[{"i":{"x":0.833,"y":1},"o":{"x":0.333,"y":0},"t":0,"s":[{"i":[[48.967,-4.331],[28.251,-2.498],[0,0],[-4.331,-48.967],[0,-26.331],[0,0],[-53.657,3.75],[-29.686,0],[0,0],[-0.758,47.873],[3.089,43.089],[0,0]],"o":[[0,0],[-30.234,2.674],[-48.967,4.331],[0,0],[0,29.543],[0,49.158],[0,0],[29.028,0],[49.776,3.75],[0,0],[-3.389,-47.278],[-6.556,-49.589]],"v":[[66.494,-218.237],[-22.105,-208.818],[-108.962,-202.719],[-189.783,-106.216],[-176.437,5.441],[-177.079,83.81],[-88.07,172.819],[0.346,169.613],[88.07,172.819],[177.72,81.246],[175.155,-22.338],[162.998,-137.416]],"c":true}]},{"i":{"x":0.833,"y":1},"o":{"x":0.167,"y":0},"t":40,"s":[{"i":[[51.718,-4.546],[28.334,-1.235],[0,0],[-2.141,-49.111],[0,-26.331],[0,0],[-53.657,3.75],[-29.686,0],[0,0],[4.371,47.231],[0.814,43.192],[0,0]],"o":[[0,0],[-30.324,1.322],[-50.6,-3.239],[0,0],[0,29.543],[0,49.158],[0,0],[29.028,0],[38.876,9.521],[0,0],[-0.758,-40.27],[1.239,-47.273]],"v":[[82.923,-188.872],[-6.009,-183.417],[-93.051,-181.202],[-178.099,-88.402],[-173.873,6.723],[-177.079,83.81],[-88.07,172.819],[0.346,169.613],[88.07,172.819],[177.72,91.505],[171.308,-3.101],[173.158,-103.823]],"c":true}]},{"i":{"x":0.833,"y":1},"o":{"x":0.167,"y":0},"t":60,"s":[{"i":[[51.718,-4.546],[28.334,-1.235],[0,0],[-2.141,-49.111],[0,-26.331],[0,0],[-53.657,3.75],[-29.686,0],[0,0],[4.371,47.231],[0.814,43.192],[0,0]],"o":[[0,0],[-30.324,1.322],[-50.6,-3.239],[0,0],[0,29.543],[0,49.158],[0,0],[29.028,0],[38.876,9.521],[0,0],[-0.758,-40.27],[1.239,-47.273]],"v":[[82.923,-188.872],[1.813,-183.638],[-81.957,-181.986],[-167.193,-90.277],[-162.966,4.849],[-166.173,81.936],[-77.164,170.944],[0.346,169.613],[88.07,172.819],[177.72,91.505],[172.432,3.442],[174.282,-97.28]],"c":true}]},{"i":{"x":0.833,"y":1},"o":{"x":0.167,"y":0},"t":132,"s":[{"i":[[51.718,-4.546],[28.334,-1.235],[0,0],[-2.141,-49.111],[0,-26.331],[0,0],[-53.657,3.75],[-29.686,0],[0,0],[4.371,47.231],[0.814,43.192],[0,0]],"o":[[0,0],[-30.324,1.322],[-50.6,-3.239],[0,0],[0,29.543],[0,49.158],[0,0],[29.028,0],[38.876,9.521],[0,0],[-0.758,-40.27],[1.239,-47.273]],"v":[[82.923,-188.872],[1.813,-183.638],[-81.957,-181.986],[-167.193,-90.277],[-162.966,4.849],[-166.173,81.936],[-77.164,170.944],[0.346,169.613],[88.07,172.819],[177.72,91.505],[172.432,3.442],[174.282,-97.28]],"c":true}]},{"i":{"x":0.667,"y":1},"o":{"x":0.167,"y":0},"t":152,"s":[{"i":[[51.718,-4.546],[28.334,-1.235],[0,0],[-2.141,-49.111],[0,-26.331],[0,0],[-53.657,3.75],[-29.686,0],[0,0],[4.371,47.231],[0.814,43.192],[0,0]],"o":[[0,0],[-30.324,1.322],[-50.6,-3.239],[0,0],[0,29.543],[0,49.158],[0,0],[29.028,0],[38.876,9.521],[0,0],[-0.758,-40.27],[1.239,-47.273]],"v":[[82.923,-188.872],[-6.009,-183.417],[-93.051,-181.202],[-178.099,-88.402],[-173.873,6.723],[-177.079,83.81],[-88.07,172.819],[0.346,169.613],[88.07,172.819],[177.72,91.505],[171.308,-3.101],[173.158,-103.823]],"c":true}]},{"t":180,"s":[{"i":[[48.967,-4.331],[28.251,-2.498],[0,0],[-4.331,-48.967],[0,-26.331],[0,0],[-53.657,3.75],[-29.686,0],[0,0],[-0.758,47.873],[3.089,43.089],[0,0]],"o":[[0,0],[-30.234,2.674],[-48.967,4.331],[0,0],[0,29.543],[0,49.158],[0,0],[29.028,0],[49.776,3.75],[0,0],[-3.389,-47.278],[-6.556,-49.589]],"v":[[66.494,-218.237],[-22.105,-208.818],[-108.962,-202.719],[-189.783,-106.216],[-176.437,5.441],[-177.079,83.81],[-88.07,172.819],[0.346,169.613],[88.07,172.819],[177.72,81.246],[175.155,-22.338],[162.998,-137.416]],"c":true}]}],"ix":2},"nm":"Path 1","mn":"ADBE Vector Shape - Group","hd":false},{"ty":"st","c":{"a":0,"k":[0.003921568859,0.258823543787,0.258823543787,1],"ix":3},"o":{"a":0,"k":100,"ix":4},"w":{"a":0,"k":6.213,"ix":5},"lc":1,"lj":1,"ml":4,"bm":0,"nm":"Stroke 1","mn":"ADBE Vector Graphic - Stroke","hd":false},{"ty":"fl","c":{"a":0,"k":[0,0.866666674614,0.701960802078,1],"ix":4},"o":{"a":0,"k":100,"ix":5},"r":1,"bm":0,"nm":"Fill 1","mn":"ADBE Vector Graphic - Fill","hd":false},{"ty":"tr","p":{"a":0,"k":[0,0],"ix":2},"a":{"a":0,"k":[0,0],"ix":1},"s":{"a":0,"k":[100,100],"ix":3},"r":{"a":0,"k":0,"ix":6},"o":{"a":0,"k":100,"ix":7},"sk":{"a":0,"k":0,"ix":4},"sa":{"a":0,"k":0,"ix":5},"nm":"Transform"}],"nm":"Body903","np":3,"cix":2,"bm":0,"ix":1,"mn":"ADBE Vector Group","hd":false}],"ip":148,"op":300,"st":0,"bm":0},{"ddd":0,"ind":14,"ty":4,"nm":"Round Body","parent":15,"sr":1,"ks":{"o":{"a":0,"k":100,"ix":11},"r":{"a":0,"k":0,"ix":10},"p":{"a":0,"k":[-1.198,3.098,0],"ix":2},"a":{"a":0,"k":[0,0,0],"ix":1},"s":{"a":0,"k":[74.977,74.977,100],"ix":6}},"ao":0,"shapes":[{"ty":"gr","it":[{"ind":0,"ty":"sh","ix":1,"ks":{"a":1,"k":[{"i":{"x":0.833,"y":1},"o":{"x":0.333,"y":0},"t":0,"s":[{"i":[[48.967,-4.331],[28.251,-2.498],[0,0],[-4.331,-48.967],[0,-26.331],[0,0],[-53.657,3.75],[-29.686,0],[0,0],[-0.758,47.873],[3.089,43.089],[0,0]],"o":[[0,0],[-30.234,2.674],[-48.967,4.331],[0,0],[0,29.543],[0,49.158],[0,0],[29.028,0],[49.776,3.75],[0,0],[-3.389,-47.278],[-6.556,-49.589]],"v":[[66.494,-218.237],[-22.105,-208.818],[-108.962,-202.719],[-189.783,-106.216],[-176.437,5.441],[-177.079,83.81],[-88.07,172.819],[0.346,169.613],[88.07,172.819],[177.72,81.246],[175.155,-22.338],[162.998,-137.416]],"c":true}]},{"t":40,"s":[{"i":[[51.718,-4.546],[28.334,-1.235],[0,0],[-2.141,-49.111],[0,-26.331],[0,0],[-53.657,3.75],[-29.686,0],[0,0],[4.371,47.231],[0.814,43.192],[0,0]],"o":[[0,0],[-30.324,1.322],[-50.6,-3.239],[0,0],[0,29.543],[0,49.158],[0,0],[29.028,0],[38.876,9.521],[0,0],[-0.758,-40.27],[1.239,-47.273]],"v":[[82.923,-188.872],[-6.009,-183.417],[-93.051,-181.202],[-178.099,-88.402],[-173.873,6.723],[-177.079,83.81],[-88.07,172.819],[0.346,169.613],[88.07,172.819],[177.72,91.505],[171.308,-3.101],[173.158,-103.823]],"c":true}]}],"ix":2},"nm":"Path 1","mn":"ADBE Vector Shape - Group","hd":false},{"ty":"st","c":{"a":0,"k":[0.003921568859,0.258823543787,0.258823543787,1],"ix":3},"o":{"a":0,"k":100,"ix":4},"w":{"a":0,"k":6.213,"ix":5},"lc":1,"lj":1,"ml":4,"bm":0,"nm":"Stroke 1","mn":"ADBE Vector Graphic - Stroke","hd":false},{"ty":"fl","c":{"a":0,"k":[0,0.866666674614,0.701960802078,1],"ix":4},"o":{"a":0,"k":100,"ix":5},"r":1,"bm":0,"nm":"Fill 1","mn":"ADBE Vector Graphic - Fill","hd":false},{"ty":"tr","p":{"a":0,"k":[0,0],"ix":2},"a":{"a":0,"k":[0,0],"ix":1},"s":{"a":0,"k":[100,100],"ix":3},"r":{"a":0,"k":0,"ix":6},"o":{"a":0,"k":100,"ix":7},"sk":{"a":0,"k":0,"ix":4},"sa":{"a":0,"k":0,"ix":5},"nm":"Transform"}],"nm":"Body903","np":3,"cix":2,"bm":0,"ix":1,"mn":"ADBE Vector Group","hd":false}],"ip":0,"op":44,"st":0,"bm":0},{"ddd":0,"ind":15,"ty":3,"nm":"Body 6","sr":1,"ks":{"o":{"a":0,"k":100,"ix":11},"r":{"a":1,"k":[{"i":{"x":[0],"y":[1]},"o":{"x":[0.077],"y":[0]},"t":-104,"s":[0]},{"i":{"x":[0.833],"y":[1]},"o":{"x":[0.161],"y":[0]},"t":-74,"s":[10.8]},{"i":{"x":[0.923],"y":[1]},"o":{"x":[1],"y":[0]},"t":-30,"s":[10.8]},{"t":0,"s":[0]}],"ix":10},"p":{"a":1,"k":[{"i":{"x":0,"y":1},"o":{"x":0.077,"y":0},"t":-104,"s":[136.019,388.717,0],"to":[0,0,0],"ti":[0,0,0]},{"i":{"x":0.833,"y":1},"o":{"x":0.234,"y":0},"t":-74,"s":[90.019,447.717,0],"to":[0,0,0],"ti":[0,0,0]},{"i":{"x":0.923,"y":1},"o":{"x":1,"y":0},"t":-30,"s":[90.019,447.717,0],"to":[0,0,0],"ti":[0,0,0]},{"t":0,"s":[136.019,388.717,0]}],"ix":2},"a":{"a":0,"k":[-106,128,0],"ix":1},"s":{"a":1,"k":[{"i":{"x":[0,0,0.667],"y":[1,1,1]},"o":{"x":[0.077,0.077,0.333],"y":[0,0,0]},"t":-104,"s":[104,104,100]},{"i":{"x":[0.833,0.833,0.833],"y":[1,1,1]},"o":{"x":[0.161,0.161,0.161],"y":[0,0,0]},"t":-74,"s":[122.3,122.3,100]},{"i":{"x":[0.923,0.923,0.667],"y":[1,1,1]},"o":{"x":[1,1,0.333],"y":[0,0,0]},"t":-30,"s":[122.3,122.3,100]},{"t":0,"s":[104,104,100]}],"ix":6}},"ao":0,"ip":0,"op":44,"st":-148,"bm":0},{"ddd":0,"ind":16,"ty":4,"nm":"hand_right","parent":11,"sr":1,"ks":{"o":{"a":0,"k":100,"ix":11},"r":{"a":0,"k":0,"ix":10},"p":{"a":1,"k":[{"i":{"x":0.163,"y":1},"o":{"x":0.333,"y":0},"t":0,"s":[100.481,-16.092,0],"to":[0,0,0],"ti":[0,0,0]},{"i":{"x":0.833,"y":0.833},"o":{"x":0.18,"y":0.18},"t":20,"s":[104.481,-5.092,0],"to":[0,0,0],"ti":[0,0,0]},{"i":{"x":0.667,"y":1},"o":{"x":0.837,"y":0},"t":160,"s":[104.481,-5.092,0],"to":[0,0,0],"ti":[0,0,0]},{"t":180,"s":[100.481,-16.092,0]}],"ix":2},"a":{"a":0,"k":[103.5,0.625,0],"ix":1},"s":{"a":0,"k":[100,100,100],"ix":6}},"ao":0,"shapes":[{"ty":"gr","it":[{"ind":0,"ty":"sh","ix":1,"ks":{"a":1,"k":[{"i":{"x":0.833,"y":0.833},"o":{"x":0.167,"y":0},"t":0,"s":[{"i":[[-57.065,-4.602],[-38.5,-3.75]],"o":[[31,2.5],[39.065,3.805]],"v":[[103,0.5],[185,83.25]],"c":false}]},{"i":{"x":0.833,"y":1},"o":{"x":0.167,"y":0.167},"t":20,"s":[{"i":[[-50.838,-26.327],[-37,-5.25]],"o":[[28,14.5],[38.861,5.514]],"v":[[103,0.5],[176,86.25]],"c":false}]},{"i":{"x":0.833,"y":0.833},"o":{"x":0.167,"y":0},"t":36,"s":[{"i":[[-50.838,-26.327],[-27.23,-19.569]],"o":[[28,14.5],[31.873,22.905]],"v":[[103,0.5],[167.346,84.327]],"c":false}]},{"i":{"x":0.514,"y":1},"o":{"x":0.167,"y":0.167},"t":48,"s":[{"i":[[-48.226,-30.596],[-24.091,9.34]],"o":[[35.121,22.963],[36.298,11.148]],"v":[[103,0.5],[202.259,1.25]],"c":false}]},{"i":{"x":0.833,"y":1},"o":{"x":0.167,"y":0},"t":62,"s":[{"i":[[-46.593,-33.267],[-27.82,-2.702]],"o":[[39.575,28.256],[39.066,3.795]],"v":[[103,0.5],[179.9,-71.071]],"c":false}]},{"i":{"x":0.833,"y":1},"o":{"x":0.167,"y":0},"t":76,"s":[{"i":[[-46.593,-33.267],[-27.82,-2.702]],"o":[[39.575,28.256],[39.066,3.795]],"v":[[103,0.5],[163.083,-78.449]],"c":false}]},{"i":{"x":0.833,"y":1},"o":{"x":0.167,"y":0},"t":90,"s":[{"i":[[-46.593,-33.267],[-27.82,-2.702]],"o":[[39.575,28.256],[39.066,3.795]],"v":[[103,0.5],[186.095,-65.267]],"c":false}]},{"i":{"x":0.833,"y":1},"o":{"x":0.167,"y":0},"t":104,"s":[{"i":[[-46.593,-33.267],[-27.82,-2.702]],"o":[[39.575,28.256],[39.066,3.795]],"v":[[103,0.5],[163.083,-78.449]],"c":false}]},{"i":{"x":0.833,"y":0.833},"o":{"x":0.486,"y":0},"t":118,"s":[{"i":[[-46.593,-33.267],[-27.82,-2.702]],"o":[[39.575,28.256],[39.066,3.795]],"v":[[103,0.5],[179.9,-71.071]],"c":false}]},{"i":{"x":0.833,"y":1},"o":{"x":0.167,"y":0.167},"t":132,"s":[{"i":[[-48.226,-30.596],[-28.454,12.675]],"o":[[35.121,22.963],[28.849,-11.486]],"v":[[103,0.5],[194.911,-0.04]],"c":false}]},{"i":{"x":0.833,"y":0.833},"o":{"x":0.167,"y":0},"t":144,"s":[{"i":[[-50.838,-26.327],[-27.23,-19.569]],"o":[[28,14.5],[31.873,22.905]],"v":[[103,0.5],[167.346,84.327]],"c":false}]},{"i":{"x":0.833,"y":1},"o":{"x":0.167,"y":0.167},"t":160,"s":[{"i":[[-50.838,-26.327],[-37,-5.25]],"o":[[28,14.5],[38.861,5.514]],"v":[[103,0.5],[176,86.25]],"c":false}]},{"t":180,"s":[{"i":[[-57.065,-4.602],[-38.5,-3.75]],"o":[[31,2.5],[39.065,3.805]],"v":[[103,0.5],[185,83.25]],"c":false}]}],"ix":2},"nm":"Path 1","mn":"ADBE Vector Shape - Group","hd":false},{"ty":"st","c":{"a":0,"k":[0.003921568627,0.258823529412,0.258823529412,1],"ix":3},"o":{"a":0,"k":100,"ix":4},"w":{"a":0,"k":23,"ix":5},"lc":2,"lj":2,"bm":0,"nm":"Stroke 1","mn":"ADBE Vector Graphic - Stroke","hd":false},{"ty":"tr","p":{"a":0,"k":[0,0],"ix":2},"a":{"a":0,"k":[0,0],"ix":1},"s":{"a":0,"k":[100,100],"ix":3},"r":{"a":0,"k":0,"ix":6},"o":{"a":0,"k":100,"ix":7},"sk":{"a":0,"k":0,"ix":4},"sa":{"a":0,"k":0,"ix":5},"nm":"Transform"}],"nm":"Shape 1","np":3,"cix":2,"bm":0,"ix":1,"mn":"ADBE Vector Group","hd":false}],"ip":0,"op":300,"st":0,"bm":0},{"ddd":0,"ind":17,"ty":4,"nm":"Ellipse 419","sr":1,"ks":{"o":{"a":0,"k":100,"ix":11},"r":{"a":0,"k":0,"ix":10},"p":{"a":0,"k":[256,256,0],"ix":2},"a":{"a":0,"k":[0,0,0],"ix":1},"s":{"a":1,"k":[{"i":{"x":[0,0,0.667],"y":[1,1,1]},"o":{"x":[0.077,0.077,0.333],"y":[0,0,0]},"t":34,"s":[0,0,100]},{"i":{"x":[0.833,0.833,0.833],"y":[1,1,1]},"o":{"x":[0.157,0.157,0.157],"y":[0,0,0]},"t":54,"s":[100,100,100]},{"i":{"x":[0.923,0.923,0.667],"y":[1,1,1]},"o":{"x":[1,1,0.333],"y":[0,0,0]},"t":138,"s":[100,100,100]},{"t":158,"s":[0,0,100]}],"ix":6}},"ao":0,"shapes":[{"ty":"gr","it":[{"d":1,"ty":"el","s":{"a":0,"k":[390,390],"ix":2},"p":{"a":0,"k":[0,0],"ix":3},"nm":"Ellipse Path 1","mn":"ADBE Vector Shape - Ellipse","hd":false},{"ty":"fl","c":{"a":0,"k":[0.992156862745,0.670588235294,0.980392156863,1],"ix":4},"o":{"a":0,"k":100,"ix":5},"r":1,"bm":0,"nm":"Fill 1","mn":"ADBE Vector Graphic - Fill","hd":false},{"ty":"tr","p":{"a":0,"k":[0,0],"ix":2},"a":{"a":0,"k":[0,0],"ix":1},"s":{"a":0,"k":[100,100],"ix":3},"r":{"a":0,"k":0,"ix":6},"o":{"a":0,"k":100,"ix":7},"sk":{"a":0,"k":0,"ix":4},"sa":{"a":0,"k":0,"ix":5},"nm":"Transform"}],"nm":"Ellipse 419","np":2,"cix":2,"bm":0,"ix":1,"mn":"ADBE Vector Group","hd":false}],"ip":0,"op":300,"st":0,"bm":0}]}],"layers":[{"ddd":0,"ind":1,"ty":0,"nm":"Hello","refId":"comp_0","sr":1,"ks":{"o":{"a":0,"k":100,"ix":11},"r":{"a":0,"k":0,"ix":10},"p":{"a":0,"k":[256,256,0],"ix":2},"a":{"a":0,"k":[256,256,0],"ix":1},"s":{"a":0,"k":[100,100,100],"ix":6}},"ao":0,"w":512,"h":512,"ip":0,"op":300,"st":0,"bm":0}],"markers":[]}