{"v":"5.5.7","fr":25,"ip":0,"op":30,"w":1000,"h":1000,"nm":"piggi bank saving","ddd":0,"assets":[],"layers":[{"ddd":0,"ind":1,"ty":4,"nm":"Layer 4 Outlines","sr":1,"ks":{"o":{"a":0,"k":100,"ix":11},"r":{"a":0,"k":0,"ix":10},"p":{"a":0,"k":[471.775,419.474,0],"ix":2},"a":{"a":0,"k":[121.767,24.395,0],"ix":1},"s":{"a":0,"k":[100,100,100],"ix":6}},"ao":0,"shapes":[{"ty":"gr","it":[{"ind":0,"ty":"sh","ix":1,"ks":{"a":0,"k":{"i":[[5.211,2.297],[67.977,-30.038],[1.906,3.82],[0,0],[-5.577,2.461],[-71.969,-31.802],[1.905,-3.814],[0,0]],"o":[[-67.976,-30.038],[-5.211,2.298],[0,0],[-1.905,-3.814],[71.969,-31.802],[5.577,2.461],[0,0],[-1.906,3.82]],"v":[[106.741,21.847],[-106.741,21.847],[-119.612,19.287],[-119.612,19.287],[-113.009,7.657],[113.009,7.657],[119.612,19.287],[119.612,19.287]],"c":true},"ix":2},"nm":"Path 1","mn":"ADBE Vector Shape - Group","hd":false},{"ty":"fl","c":{"a":0,"k":[0.828111536363,0.183351763557,0.005010462742,1],"ix":4},"o":{"a":0,"k":100,"ix":5},"r":1,"bm":0,"nm":"Fill 1","mn":"ADBE Vector Graphic - Fill","hd":false},{"ty":"tr","p":{"a":0,"k":[121.767,24.395],"ix":2},"a":{"a":0,"k":[0,0],"ix":1},"s":{"a":0,"k":[100,100],"ix":3},"r":{"a":0,"k":0,"ix":6},"o":{"a":0,"k":100,"ix":7},"sk":{"a":0,"k":0,"ix":4},"sa":{"a":0,"k":0,"ix":5},"nm":"Transform"}],"nm":"Group 1","np":2,"cix":2,"bm":0,"ix":1,"mn":"ADBE Vector Group","hd":false}],"ip":0,"op":75,"st":0,"bm":0},{"ddd":0,"ind":2,"ty":4,"nm":"Shape Layer 1","sr":1,"ks":{"o":{"a":0,"k":100,"ix":11},"r":{"a":0,"k":0,"ix":10},"p":{"a":0,"k":[500,500,0],"ix":2},"a":{"a":0,"k":[0,0,0],"ix":1},"s":{"a":0,"k":[100,100,100],"ix":6}},"ao":0,"shapes":[{"ty":"gr","it":[{"ind":0,"ty":"sh","ix":1,"ks":{"a":0,"k":{"i":[[0,0],[0,0],[0,0],[0,0],[0,0],[0,0],[0,0],[0,0],[0,0],[0,0],[0,0],[0,0],[0,0],[0,0],[0,0]],"o":[[0,0],[0,0],[0,0],[0,0],[0,0],[0,0],[0,0],[0,0],[0,0],[0,0],[0,0],[0,0],[0,0],[0,0],[0,0]],"v":[[-50,-88.5],[-88.25,-81.25],[-114.5,-75.5],[-134.5,-65],[-157.75,-54.25],[-194,24],[-169,193],[111,176],[112.5,19.5],[90.75,-33.25],[87.75,-45.5],[92.75,-60.75],[72.25,-71.25],[46,-77.75],[-13.75,-87.75]],"c":true},"ix":2},"nm":"Path 1","mn":"ADBE Vector Shape - Group","hd":false},{"ty":"fl","c":{"a":0,"k":[0.925490255917,0.749019607843,0.01568627451,1],"ix":4},"o":{"a":0,"k":100,"ix":5},"r":1,"bm":0,"nm":"Fill 1","mn":"ADBE Vector Graphic - Fill","hd":false},{"ty":"tr","p":{"a":0,"k":[0,0],"ix":2},"a":{"a":0,"k":[0,0],"ix":1},"s":{"a":0,"k":[100,100],"ix":3},"r":{"a":0,"k":0,"ix":6},"o":{"a":0,"k":100,"ix":7},"sk":{"a":0,"k":0,"ix":4},"sa":{"a":0,"k":0,"ix":5},"nm":"Transform"}],"nm":"Shape 1","np":3,"cix":2,"bm":0,"ix":1,"mn":"ADBE Vector Group","hd":false}],"ip":0,"op":75,"st":0,"bm":0},{"ddd":0,"ind":3,"ty":4,"nm":"Layer 2 Outlines","sr":1,"ks":{"o":{"a":0,"k":100,"ix":11},"r":{"a":0,"k":0,"ix":10},"p":{"a":1,"k":[{"i":{"x":0.833,"y":0.833},"o":{"x":0.167,"y":0.167},"t":0,"s":[467.862,-117.648,0],"to":[0,112.667,0],"ti":[0,-112.667,0]},{"t":29,"s":[467.862,558.352,0]}],"ix":2},"a":{"a":0,"k":[123.146,123.145,0],"ix":1},"s":{"a":0,"k":[80,80,100],"ix":6}},"ao":0,"shapes":[{"ty":"gr","it":[{"ind":0,"ty":"sh","ix":1,"ks":{"a":0,"k":{"i":[[0,0],[9.042,3.92],[0,0],[-6.059,-1.759],[-4.588,0],[-1.76,0.913],[0,2.138],[1.269,1.025],[2.961,1.292],[5.033,1.827],[3.475,2.606],[1.58,3.23],[0,4.812],[-4.722,4.143],[-9.444,0.98],[0,0],[0,0],[0,0],[-8.999,-3.875],[0,0],[7.483,0],[1.447,-0.868],[0,-1.692],[-1.047,-0.957],[-2.584,-1.18],[-4.588,-1.558],[-4.054,-4.209],[0,-6.637],[4.745,-4.677],[9.087,-1.112],[0,0],[0,0]],"o":[[-9.755,-0.445],[0,0],[5.167,2.629],[6.057,1.761],[3.786,0],[1.759,-0.912],[0,-1.47],[-1.27,-1.024],[-2.964,-1.292],[-5.658,-2.092],[-3.474,-2.606],[-1.582,-3.229],[0,-7.349],[4.721,-4.143],[0,0],[0,0],[0,0],[8.863,0.491],[0,0],[-9.311,-4.186],[-3.565,0],[-1.449,0.869],[0,1.47],[1.046,0.958],[2.583,1.181],[9.31,3.297],[4.053,4.21],[0,7.483],[-4.743,4.677],[0,0],[0,0],[0,0]],"v":[[-6.681,43.742],[-34.879,37.194],[-34.879,15.011],[-18.04,21.592],[-2.072,24.231],[6.247,22.862],[8.887,18.285],[6.982,14.543],[0.635,11.069],[-11.358,6.391],[-25.056,-0.658],[-32.639,-9.411],[-35.013,-21.472],[-27.93,-38.71],[-6.681,-46.394],[-6.681,-61.221],[7.15,-61.221],[7.15,-46.528],[33.944,-39.98],[25.992,-20.937],[0.802,-27.218],[-6.715,-25.915],[-8.887,-22.073],[-7.316,-18.431],[-1.871,-15.224],[8.887,-11.115],[28.931,0.144],[35.013,16.414],[27.896,34.655],[7.15,43.341],[7.15,61.221],[-6.681,61.221]],"c":true},"ix":2},"nm":"Path 1","mn":"ADBE Vector Shape - Group","hd":false},{"ty":"fl","c":{"a":0,"k":[0.186719991647,0.549229820102,0.155212671616,1],"ix":4},"o":{"a":0,"k":100,"ix":5},"r":1,"bm":0,"nm":"Fill 1","mn":"ADBE Vector Graphic - Fill","hd":false},{"ty":"tr","p":{"a":0,"k":[123.146,125.094],"ix":2},"a":{"a":0,"k":[0,0],"ix":1},"s":{"a":0,"k":[100,100],"ix":3},"r":{"a":0,"k":0,"ix":6},"o":{"a":0,"k":100,"ix":7},"sk":{"a":0,"k":0,"ix":4},"sa":{"a":0,"k":0,"ix":5},"nm":"Transform"}],"nm":"Group 1","np":2,"cix":2,"bm":0,"ix":1,"mn":"ADBE Vector Group","hd":false},{"ty":"gr","it":[{"ind":0,"ty":"sh","ix":1,"ks":{"a":0,"k":{"i":[[0,-43.572],[43.576,0],[0,43.571],[-43.571,0]],"o":[[0,43.571],[-43.571,0],[0,-43.572],[43.576,0]],"v":[[78.896,0],[-0.003,78.896],[-78.896,0],[-0.003,-78.896]],"c":true},"ix":2},"nm":"Path 1","mn":"ADBE Vector Shape - Group","hd":false},{"ty":"fl","c":{"a":0,"k":[0.997511740292,0.751808196423,0.000753120231,1],"ix":4},"o":{"a":0,"k":100,"ix":5},"r":1,"bm":0,"nm":"Fill 1","mn":"ADBE Vector Graphic - Fill","hd":false},{"ty":"tr","p":{"a":0,"k":[123.147,123.143],"ix":2},"a":{"a":0,"k":[0,0],"ix":1},"s":{"a":0,"k":[100,100],"ix":3},"r":{"a":0,"k":0,"ix":6},"o":{"a":0,"k":100,"ix":7},"sk":{"a":0,"k":0,"ix":4},"sa":{"a":0,"k":0,"ix":5},"nm":"Transform"}],"nm":"Group 2","np":2,"cix":2,"bm":0,"ix":2,"mn":"ADBE Vector Group","hd":false},{"ty":"gr","it":[{"ind":0,"ty":"sh","ix":1,"ks":{"a":0,"k":{"i":[[0,-46.329],[46.327,0],[0,46.327],[-46.327,0]],"o":[[0,46.327],[-46.327,0],[0,-46.329],[46.327,0]],"v":[[83.883,-0.001],[0,83.884],[-83.883,-0.001],[0,-83.884]],"c":true},"ix":2},"nm":"Path 1","mn":"ADBE Vector Shape - Group","hd":false},{"ty":"fl","c":{"a":0,"k":[0.999270869236,0.382091447419,0.033319417168,1],"ix":4},"o":{"a":0,"k":100,"ix":5},"r":1,"bm":0,"nm":"Fill 1","mn":"ADBE Vector Graphic - Fill","hd":false},{"ty":"tr","p":{"a":0,"k":[123.146,123.145],"ix":2},"a":{"a":0,"k":[0,0],"ix":1},"s":{"a":0,"k":[100,100],"ix":3},"r":{"a":0,"k":0,"ix":6},"o":{"a":0,"k":100,"ix":7},"sk":{"a":0,"k":0,"ix":4},"sa":{"a":0,"k":0,"ix":5},"nm":"Transform"}],"nm":"Group 3","np":2,"cix":2,"bm":0,"ix":3,"mn":"ADBE Vector Group","hd":false},{"ty":"gr","it":[{"ind":0,"ty":"sh","ix":1,"ks":{"a":0,"k":{"i":[[62.013,0],[0,62.016],[-62.014,0],[0,-62.014]],"o":[[-62.014,0],[0,-62.014],[62.013,0],[0,62.016]],"v":[[-0.001,112.287],[-112.288,0],[-0.001,-112.286],[112.287,0]],"c":true},"ix":2},"nm":"Path 1","mn":"ADBE Vector Shape - Group","hd":false},{"ind":1,"ty":"sh","ix":2,"ks":{"a":0,"k":{"i":[[64.348,0],[0,-64.348],[-64.346,0],[0,64.346]],"o":[[-64.346,0],[0,64.346],[64.348,0],[0,-64.348]],"v":[[-0.001,-116.51],[-116.51,0],[-0.001,116.51],[116.51,0]],"c":true},"ix":2},"nm":"Path 2","mn":"ADBE Vector Shape - Group","hd":false},{"ty":"mm","mm":1,"nm":"Merge Paths 1","mn":"ADBE Vector Filter - Merge","hd":false},{"ty":"fl","c":{"a":0,"k":[0.883601409314,0.522206624349,0.013655549405,1],"ix":4},"o":{"a":0,"k":100,"ix":5},"r":1,"bm":0,"nm":"Fill 1","mn":"ADBE Vector Graphic - Fill","hd":false},{"ty":"tr","p":{"a":0,"k":[123.147,123.143],"ix":2},"a":{"a":0,"k":[0,0],"ix":1},"s":{"a":0,"k":[100,100],"ix":3},"r":{"a":0,"k":0,"ix":6},"o":{"a":0,"k":100,"ix":7},"sk":{"a":0,"k":0,"ix":4},"sa":{"a":0,"k":0,"ix":5},"nm":"Transform"}],"nm":"Group 4","np":4,"cix":2,"bm":0,"ix":4,"mn":"ADBE Vector Group","hd":false},{"ty":"gr","it":[{"ind":0,"ty":"sh","ix":1,"ks":{"a":0,"k":{"i":[[0,-67.871],[67.875,0],[0,67.874],[-67.873,0]],"o":[[0,67.874],[-67.873,0],[0,-67.871],[67.875,0]],"v":[[122.896,-0.001],[-0.002,122.895],[-122.896,-0.001],[-0.002,-122.895]],"c":true},"ix":2},"nm":"Path 1","mn":"ADBE Vector Shape - Group","hd":false},{"ty":"fl","c":{"a":0,"k":[0.98119542739,0.917527023016,0.021039852442,1],"ix":4},"o":{"a":0,"k":100,"ix":5},"r":1,"bm":0,"nm":"Fill 1","mn":"ADBE Vector Graphic - Fill","hd":false},{"ty":"tr","p":{"a":0,"k":[123.147,123.145],"ix":2},"a":{"a":0,"k":[0,0],"ix":1},"s":{"a":0,"k":[100,100],"ix":3},"r":{"a":0,"k":0,"ix":6},"o":{"a":0,"k":100,"ix":7},"sk":{"a":0,"k":0,"ix":4},"sa":{"a":0,"k":0,"ix":5},"nm":"Transform"}],"nm":"Group 5","np":2,"cix":2,"bm":0,"ix":5,"mn":"ADBE Vector Group","hd":false}],"ip":0,"op":75,"st":0,"bm":0},{"ddd":0,"ind":4,"ty":4,"nm":"Layer 3 Outlines","sr":1,"ks":{"o":{"a":0,"k":100,"ix":11},"r":{"a":0,"k":0,"ix":10},"p":{"a":0,"k":[471.048,596.847,0],"ix":2},"a":{"a":0,"k":[348.048,250.919,0],"ix":1},"s":{"a":0,"k":[100,100,100],"ix":6}},"ao":0,"shapes":[{"ty":"gr","it":[{"ind":0,"ty":"sh","ix":1,"ks":{"a":0,"k":{"i":[[0.074,-0.14],[0,0],[17.858,3.325],[11.539,5.619],[5.659,5.273],[-6.361,12.08],[-53.116,-25.435]],"o":[[0,0],[-8.48,16.064],[-8.458,-1.575],[-7.287,-3.548],[-9.989,-9.307],[28.696,-54.38],[0.143,0.068]],"v":[[76.609,-44.434],[29.251,45.277],[-14.998,66.927],[-44.976,56.568],[-64.13,42.688],[-70.322,6.483],[76.482,-44.816]],"c":true},"ix":2},"nm":"Path 1","mn":"ADBE Vector Shape - Group","hd":false},{"ty":"fl","c":{"a":0,"k":[0.911189838484,0.470091516831,0.009890231899,1],"ix":4},"o":{"a":0,"k":100,"ix":5},"r":1,"bm":0,"nm":"Fill 1","mn":"ADBE Vector Graphic - Fill","hd":false},{"ty":"tr","p":{"a":0,"k":[541.553,85.877],"ix":2},"a":{"a":0,"k":[0,0],"ix":1},"s":{"a":0,"k":[100,100],"ix":3},"r":{"a":0,"k":0,"ix":6},"o":{"a":0,"k":100,"ix":7},"sk":{"a":0,"k":0,"ix":4},"sa":{"a":0,"k":0,"ix":5},"nm":"Transform"}],"nm":"Group 1","np":2,"cix":2,"bm":0,"ix":1,"mn":"ADBE Vector Group","hd":false},{"ty":"gr","it":[{"ind":0,"ty":"sh","ix":1,"ks":{"a":0,"k":{"i":[[0,-129.66],[9.949,-23.686],[127.72,0],[0,129.66],[-47.838,41.851],[-84.342,0]],"o":[[0,26.401],[-38.878,92.639],[-160.385,0],[0,-61.471],[53.048,-46.422],[160.385,0]],"v":[[290.396,0],[275.058,75.477],[0,234.766],[-290.396,0],[-213.331,-159.281],[0,-234.766]],"c":true},"ix":2},"nm":"Path 1","mn":"ADBE Vector Shape - Group","hd":false},{"ty":"fl","c":{"a":0,"k":[0.927141795439,0.74946085612,0.014246117835,1],"ix":4},"o":{"a":0,"k":100,"ix":5},"r":1,"bm":0,"nm":"Fill 1","mn":"ADBE Vector Graphic - Fill","hd":false},{"ty":"tr","p":{"a":0,"k":[360.117,258.509],"ix":2},"a":{"a":0,"k":[0,0],"ix":1},"s":{"a":0,"k":[100,100],"ix":3},"r":{"a":0,"k":0,"ix":6},"o":{"a":0,"k":100,"ix":7},"sk":{"a":0,"k":0,"ix":4},"sa":{"a":0,"k":0,"ix":5},"nm":"Transform"}],"nm":"Group 2","np":2,"cix":2,"bm":0,"ix":2,"mn":"ADBE Vector Group","hd":false},{"ty":"gr","it":[{"ind":0,"ty":"sh","ix":1,"ks":{"a":0,"k":{"i":[[0,3.259],[0,0],[-6.281,0],[0,0],[-0.026,0.022],[0,-30.703],[21.465,-9.669],[0.043,0.135],[0,0],[2.056,2.127]],"o":[[0,0],[0,-6.496],[0,0],[0,-0.022],[21.379,9.731],[0,30.776],[-0.018,-0.135],[0,0],[-3.132,0],[-2.055,-2.128]],"v":[[-38.826,54.451],[-38.826,-54.784],[-27.471,-66.536],[2.109,-66.536],[2.135,-66.58],[38.826,-0.026],[2.003,66.58],[1.896,66.203],[-27.471,66.203],[-35.505,62.765]],"c":true},"ix":2},"nm":"Path 1","mn":"ADBE Vector Shape - Group","hd":false},{"ty":"fl","c":{"a":0,"k":[1,0.683011821672,0.000526672251,1],"ix":4},"o":{"a":0,"k":100,"ix":5},"r":1,"bm":0,"nm":"Fill 1","mn":"ADBE Vector Graphic - Fill","hd":false},{"ty":"tr","p":{"a":0,"k":[657.02,258.51],"ix":2},"a":{"a":0,"k":[0,0],"ix":1},"s":{"a":0,"k":[100,100],"ix":3},"r":{"a":0,"k":0,"ix":6},"o":{"a":0,"k":100,"ix":7},"sk":{"a":0,"k":0,"ix":4},"sa":{"a":0,"k":0,"ix":5},"nm":"Transform"}],"nm":"Group 3","np":2,"cix":2,"bm":0,"ix":3,"mn":"ADBE Vector Group","hd":false},{"ty":"gr","it":[{"ind":0,"ty":"sh","ix":1,"ks":{"a":0,"k":{"i":[[-22.985,-11.962],[-1.635,-3.481],[-0.593,-1.91],[1.827,-3.827],[0,0]],"o":[[3.12,1.624],[0.957,2.04],[1.28,4.114],[-3.834,8.032],[-19.884,-12.5]],"v":[[-14.305,-27.595],[-6.884,-19.798],[-4.564,-13.712],[-5.433,-1.21],[-13.902,12.056]],"c":true},"ix":2},"nm":"Path 1","mn":"ADBE Vector Shape - Group","hd":false},{"ind":1,"ty":"sh","ix":2,"ks":{"a":0,"k":{"i":[[0,0],[29.129,20.898],[-3.93,9.692],[0,0],[7.24,8.573],[8.847,0.876],[-18.387,-18.796],[0,0],[-0.676,-0.704],[8.565,-2.608],[-0.271,-3.169],[-0.003,-0.033],[-1.005,-0.193],[-16.309,15.724],[-11.932,0.298],[-2.296,16.638]],"o":[[-1.824,10.152],[5.066,-3.4],[0,0],[4.885,-12.362],[-6.293,-7.446],[-27.632,-1.009],[0,0],[0.961,0.997],[-4.259,4.246],[-2.659,0.81],[0.003,0.034],[0.117,1.172],[3.131,0.603],[11.654,10.514],[12.607,-0.309],[0,0]],"v":[[39.468,14.027],[-8.66,20.04],[6.655,3.416],[6.668,3.414],[0.397,-29.581],[-24.495,-43.688],[-23.741,16.437],[-22.655,17.556],[-20.227,20.081],[-40.637,31.953],[-44.944,38.812],[-44.935,38.912],[-43.026,41.214],[-14.386,25.893],[23.901,44.399],[52.127,20.093]],"c":true},"ix":2},"nm":"Path 2","mn":"ADBE Vector Shape - Group","hd":false},{"ty":"mm","mm":1,"nm":"Merge Paths 1","mn":"ADBE Vector Filter - Merge","hd":false},{"ty":"fl","c":{"a":0,"k":[0.225103475533,0.358368667902,0.084262443991,1],"ix":4},"o":{"a":0,"k":100,"ix":5},"r":1,"bm":0,"nm":"Fill 1","mn":"ADBE Vector Graphic - Fill","hd":false},{"ty":"tr","p":{"a":0,"k":[52.377,231.842],"ix":2},"a":{"a":0,"k":[0,0],"ix":1},"s":{"a":0,"k":[100,100],"ix":3},"r":{"a":0,"k":0,"ix":6},"o":{"a":0,"k":100,"ix":7},"sk":{"a":0,"k":0,"ix":4},"sa":{"a":0,"k":0,"ix":5},"nm":"Transform"}],"nm":"Group 4","np":4,"cix":2,"bm":0,"ix":4,"mn":"ADBE Vector Group","hd":false},{"ty":"gr","it":[{"ind":0,"ty":"sh","ix":1,"ks":{"a":0,"k":{"i":[[2.776,0],[0,0],[0,2.776],[0,0],[-2.776,0],[0,0],[0,-2.776],[0,0]],"o":[[0,0],[-2.776,0],[0,0],[0,-2.776],[0,0],[2.776,0],[0,0],[0,2.776]],"v":[[53.781,39.735],[-53.781,39.735],[-58.828,34.687],[-58.828,-34.687],[-53.781,-39.735],[53.781,-39.735],[58.828,-34.687],[58.828,34.687]],"c":true},"ix":2},"nm":"Path 1","mn":"ADBE Vector Shape - Group","hd":false},{"ty":"fl","c":{"a":0,"k":[0.526239671894,0.777881876628,0.116422885072,1],"ix":4},"o":{"a":0,"k":100,"ix":5},"r":1,"bm":0,"nm":"Fill 1","mn":"ADBE Vector Graphic - Fill","hd":false},{"ty":"tr","p":{"a":0,"k":[486.002,461.853],"ix":2},"a":{"a":0,"k":[0,0],"ix":1},"s":{"a":0,"k":[100,100],"ix":3},"r":{"a":0,"k":0,"ix":6},"o":{"a":0,"k":100,"ix":7},"sk":{"a":0,"k":0,"ix":4},"sa":{"a":0,"k":0,"ix":5},"nm":"Transform"}],"nm":"Group 5","np":2,"cix":2,"bm":0,"ix":5,"mn":"ADBE Vector Group","hd":false},{"ty":"gr","it":[{"ind":0,"ty":"sh","ix":1,"ks":{"a":0,"k":{"i":[[2.776,0],[0,0],[0,2.776],[0,0],[-2.776,0],[0,0],[0,-2.776],[0,0]],"o":[[0,0],[-2.776,0],[0,0],[0,-2.776],[0,0],[2.776,0],[0,0],[0,2.776]],"v":[[53.781,39.735],[-53.78,39.735],[-58.828,34.687],[-58.828,-34.687],[-53.78,-39.735],[53.781,-39.735],[58.828,-34.687],[58.828,34.687]],"c":true},"ix":2},"nm":"Path 1","mn":"ADBE Vector Shape - Group","hd":false},{"ty":"fl","c":{"a":0,"k":[0.523091933307,0.777419026693,0.103630424948,1],"ix":4},"o":{"a":0,"k":100,"ix":5},"r":1,"bm":0,"nm":"Fill 1","mn":"ADBE Vector Graphic - Fill","hd":false},{"ty":"tr","p":{"a":0,"k":[223.338,461.853],"ix":2},"a":{"a":0,"k":[0,0],"ix":1},"s":{"a":0,"k":[100,100],"ix":3},"r":{"a":0,"k":0,"ix":6},"o":{"a":0,"k":100,"ix":7},"sk":{"a":0,"k":0,"ix":4},"sa":{"a":0,"k":0,"ix":5},"nm":"Transform"}],"nm":"Group 6","np":2,"cix":2,"bm":0,"ix":6,"mn":"ADBE Vector Group","hd":false},{"ty":"gr","it":[{"ind":0,"ty":"sh","ix":1,"ks":{"a":0,"k":{"i":[[0.061,-0.146],[0,0],[18.088,1.669],[12.006,4.533],[6.12,4.73],[-5.223,12.614],[-55.231,-20.443]],"o":[[0,0],[-6.967,16.776],[-8.567,-0.79],[-7.583,-2.863],[-10.802,-8.349],[23.574,-56.788],[0.148,0.054]],"v":[[73.394,-50.085],[34.487,43.6],[-7.584,69.227],[-38.387,61.67],[-58.737,49.61],[-68.232,14.128],[73.233,-50.453]],"c":true},"ix":2},"nm":"Path 1","mn":"ADBE Vector Shape - Group","hd":false},{"ty":"fl","c":{"a":0,"k":[0.911189838484,0.470091516831,0.009890231899,1],"ix":4},"o":{"a":0,"k":100,"ix":5},"r":1,"bm":0,"nm":"Fill 1","mn":"ADBE Vector Graphic - Fill","hd":false},{"ty":"tr","p":{"a":0,"k":[480.741,71.147],"ix":2},"a":{"a":0,"k":[0,0],"ix":1},"s":{"a":0,"k":[100,100],"ix":3},"r":{"a":0,"k":0,"ix":6},"o":{"a":0,"k":100,"ix":7},"sk":{"a":0,"k":0,"ix":4},"sa":{"a":0,"k":0,"ix":5},"nm":"Transform"}],"nm":"Group 7","np":2,"cix":2,"bm":0,"ix":7,"mn":"ADBE Vector Group","hd":false}],"ip":0,"op":75,"st":0,"bm":0}],"markers":[]}